Date,80237,80236,80239,80238,80246,80247,80249,80010,80123,80202,80204,80203,80206,80205,80207,80210,80209,80212,80211,80216,80219,80218,80221,80220,80223,80222,80224,80227,80231,80230,80235
1996-04-30,154600,125700,91300,128400,124900,80200,128200,69500,148000,150900,75100,88800,159400,69300,85800,147500,184300,102500,89600,52600,83400,119500,94000,130000,82400,123900,135500,135900,130300,237800,118800
1996-05-31,155300,125800,91900,128500,125300,80600,128500,70000,148300,150700,75700,88800,160300,69700,85800,148400,184900,103400,90300,53800,83700,120000,94400,131000,82700,124400,135800,136200,130600,238800,119200
1996-06-30,155900,125900,92500,128600,125800,81000,128900,70600,148700,150600,76400,88900,161300,70200,85900,149300,185600,104200,91100,54900,84100,120600,94900,132200,83100,125000,136300,136500,131000,239800,119600
1996-07-31,156500,126000,93300,128800,126300,81400,129300,71300,149000,150500,77100,88900,162400,70800,86000,150400,186300,105200,92000,55900,84500,121300,95400,133400,83500,125500,136700,136800,131400,240800,120000
1996-08-31,157200,126200,94100,129100,126800,81800,129700,72000,149200,150500,77900,88900,163700,71500,86200,151500,187000,106300,93000,56600,85000,121900,96000,134700,83900,126200,137200,137200,131900,241700,120500
1996-09-30,157800,126400,94900,129700,127300,82200,130300,72700,149500,150700,78700,89100,165000,72300,86600,152700,187800,107300,94100,57300,85600,122700,96600,136100,84400,126900,137600,137600,132500,242700,120900
1996-10-31,158400,126600,95800,130500,127800,82700,130900,73400,149900,151000,79600,89200,166500,73200,87100,153900,188800,108500,95400,58000,86200,123600,97200,137500,85000,127600,138000,138100,133200,243600,121300
1996-11-30,159100,126900,96700,131700,128400,83200,131600,74200,150200,151500,80500,89500,168100,74200,87700,155000,190000,109600,96800,58800,86900,124600,97900,138900,85600,128300,138400,138700,133900,244600,121700
1996-12-31,159800,127400,97700,133400,129000,83900,132400,75100,150600,152200,81500,89900,169900,75300,88500,156200,191400,110800,98500,59800,87700,125700,98700,140400,86400,129200,138900,139400,134600,245600,122200
1997-01-31,160700,128000,98800,135400,129800,84600,133200,76000,151200,153100,82500,90400,171800,76400,89400,157500,193100,112100,100200,61300,88600,127100,99600,142000,87200,130000,139400,140200,135400,246800,122800
1997-02-28,161400,128600,99700,137600,130400,85200,134000,76900,151600,154000,83500,90900,173700,77600,90400,158700,194600,113200,102000,63300,89400,128400,100400,143500,88000,130700,139900,141100,136200,247700,123300
1997-03-31,161800,129300,100500,139900,131000,85800,134700,77700,151900,155000,84500,91200,175400,78700,91300,159600,196000,114300,103700,64900,90200,129700,101300,144700,88800,131200,140200,141800,136800,248400,123700
1997-04-30,162300,130000,101200,142300,131600,86400,135200,78600,152100,156100,85400,91700,177200,79800,92300,160500,197400,115300,105300,65900,90900,130900,102100,145800,89600,131700,140500,142600,137500,248900,124100
1997-05-31,162800,130700,101900,144700,132100,87000,135700,79400,152400,157300,86300,92100,178800,80900,93300,161400,198800,116400,107100,66500,91600,132200,102900,146900,90400,132000,140800,143500,138100,249400,124500
1997-06-30,163200,131500,102600,147100,132800,87500,136100,80200,152600,158600,87200,92600,180400,81900,94300,162200,200200,117500,108800,67000,92300,133400,103700,147800,91200,132300,141100,144300,138700,249700,124900
1997-07-31,163700,132300,103300,149400,133400,88100,136400,81000,152800,160100,88100,93100,181900,83000,95400,163000,201600,118500,110400,68000,92900,134600,104400,148700,92000,132600,141400,145100,139300,249900,125400
1997-08-31,164300,133100,104000,151500,134100,88700,136700,81700,153000,161700,88900,93500,183400,84100,96400,163800,203000,119600,112100,69500,93500,135700,105200,149700,92800,132900,141800,145900,140000,249900,125900
1997-09-30,164900,133900,104700,153500,134800,89200,136900,82500,153300,163300,89700,94000,184900,85200,97400,164600,204300,120700,113700,70200,94100,136800,105900,150600,93600,133200,142200,146700,140600,249900,126300
1997-10-31,165500,134700,105600,155400,135600,89700,137000,83300,153500,165100,90600,94700,186400,86400,98400,165500,205600,121800,115400,70500,94700,137900,106700,151700,94300,133700,142900,147600,141300,249700,126900
1997-11-30,166300,135400,106500,157100,136500,90200,137200,84100,153900,166900,91500,95400,187900,87700,99500,166400,207100,122900,117000,71100,95300,139000,107400,152700,95100,134100,143600,148300,141900,249400,127400
1997-12-31,167200,136200,107400,159000,137500,90800,137500,84900,154300,169000,92500,96300,189700,89100,100800,167600,208700,124200,118700,72100,96100,140100,108100,154000,96100,134800,144500,149200,142500,249200,128100
1998-01-31,168200,137100,108600,160900,138600,91300,137900,85800,154900,171200,93500,97300,191600,90500,102200,169000,210600,125500,120400,73000,96900,141300,108900,155500,97100,135500,145700,150000,143200,249000,128900
1998-02-28,169100,137900,109700,162800,139700,91700,138500,86700,155500,173500,94400,98500,193500,92000,103700,170400,212500,126700,122000,73800,97600,142500,109600,156900,98000,136200,146900,150800,143800,248700,129600
1998-03-31,170000,138600,110900,164600,140700,92100,139100,87500,155900,175800,95300,99700,195300,93400,105200,171800,214300,127900,123500,74200,98500,143600,110300,158300,98800,137000,148100,151400,144300,248100,130300
1998-04-30,170900,139400,112000,166500,141800,92500,139900,88400,156400,178200,96300,101000,197300,94900,106800,173300,216400,129100,125000,74300,99400,144800,111100,159700,99800,137800,149500,152100,144700,247400,131000
1998-05-31,171800,140200,113200,168500,142900,92800,140800,89200,157000,180800,97300,102300,199400,96500,108600,174900,218600,130400,126500,74600,100300,146000,111800,161200,100700,138600,151000,152700,145200,246700,131800
1998-06-30,172900,141000,114400,170600,144100,93100,141900,90100,157800,183500,98300,103800,201600,98100,110400,176800,221100,131700,128200,75000,101400,147400,112600,162700,101700,139500,152600,153300,145600,246000,132600
1998-07-31,174100,141800,115600,172800,145400,93600,143000,91000,158600,186300,99400,105400,203900,99800,112400,178900,223700,133000,129800,75500,102600,148800,113500,164300,102700,140400,154200,154000,146100,245400,133500
1998-08-31,175400,142800,116600,175000,146700,94000,144200,92000,159500,189100,100500,107000,206300,101500,114400,181200,226300,134300,131500,76100,104000,150400,114500,166000,103800,141400,155900,154700,146600,244900,134500
1998-09-30,176800,143700,117500,177200,148000,94400,145300,93000,160500,192000,101600,108600,208800,103200,116300,183600,228900,135600,133200,77100,105200,152000,115400,167700,104900,142500,157600,155500,147100,244600,135500
1998-10-31,178400,144700,118300,179200,149400,94900,146300,94000,161600,194900,102800,110300,211400,105000,118200,186100,231600,137000,135000,78300,106500,153800,116400,169300,106000,143600,159200,156300,147700,244400,136500
1998-11-30,180100,145800,119100,181300,150900,95300,147300,95200,162800,197900,104000,112000,214100,106800,120000,188700,234400,138500,136700,79400,107800,155600,117400,171000,107200,144700,160900,157200,148300,244500,137700
1998-12-31,181900,147000,119800,183300,152600,95900,148200,96400,164200,201000,105300,113800,217100,108700,121800,191400,237300,140200,138600,80400,109200,157700,118600,172800,108600,146100,162600,158200,148900,244900,139000
1999-01-31,183900,148300,120600,185200,154400,96500,149100,97800,165700,204200,106800,115700,220400,110600,123500,194100,240300,142000,140600,81500,110600,160000,119800,174800,110000,147500,164400,159400,149700,245700,140400
1999-02-28,185600,149600,121300,186900,156000,97100,149900,99100,167200,207200,108100,117500,223600,112500,125200,196700,243300,143800,142600,82600,112000,162300,120900,176800,111400,148900,166000,160700,150500,246600,141700
1999-03-31,187300,151000,122100,188400,157600,97800,150600,100400,168700,210200,109400,119300,226900,114400,126900,199100,246300,145600,144600,84000,113300,164600,122000,178900,112800,150300,167400,161900,151400,247700,143100
1999-04-30,189100,152400,122900,189800,159300,98700,151300,101800,170400,213400,110800,121100,230300,116200,128500,201500,249400,147500,146700,86100,114800,166900,123200,181100,114200,151900,168900,163400,152400,249000,144500
1999-05-31,190800,154000,123900,191200,160900,99500,152100,103200,172200,216800,112200,122900,233900,117900,130100,203900,252600,149500,148800,88200,116300,169300,124400,183400,115800,153500,170400,164900,153600,250600,145900
1999-06-30,192600,155600,124900,192600,162700,100500,152900,104800,174100,220300,113700,124700,237500,119700,131800,206300,255900,151500,151000,89600,117800,171800,125700,185800,117500,155200,171800,166400,154900,252500,147400
1999-07-31,194500,157300,126000,194100,164500,101600,153800,106400,175900,224100,115300,126700,241300,121600,133600,208700,259200,153500,153100,91000,119300,174200,127000,188300,119200,156900,173200,168100,156400,254800,148900
1999-08-31,196400,159100,127200,195600,166300,102700,154700,108100,177800,228000,116900,128600,245000,123300,135400,211100,262600,155500,155300,92600,120900,176800,128400,190700,120900,158700,174700,169800,158100,257400,150500
1999-09-30,198400,161000,128500,197400,168200,103900,155800,109900,179700,232000,118500,130600,248700,125200,137300,213500,266000,157500,157400,93900,122400,179300,129900,193200,122700,160600,176000,171500,159900,260200,152100
1999-10-31,200700,162900,130000,199400,170000,105100,157000,111700,181500,236200,120300,132600,252400,127200,139400,215900,269500,159500,159600,94900,124000,181900,131500,195900,124500,162600,177500,173200,161900,263300,153700
1999-11-30,203100,164800,131600,201700,172000,106400,158400,113500,183500,240500,122100,134600,256300,129300,141700,218400,273200,161600,162000,96000,125700,184600,133100,198600,126500,164500,179000,175000,164000,266700,155400
1999-12-31,205900,166700,133400,204600,174200,107700,160100,115600,185500,244900,124200,136800,260400,131700,144200,221200,277300,163800,164600,97200,127500,187500,135100,201600,128600,166600,180800,176900,166400,270600,157200
2000-01-31,208800,168800,135500,207900,176400,109100,161900,117800,187600,249400,126500,139200,264700,134300,147000,224100,281500,166200,167400,98400,129500,190500,137300,204700,130800,168800,182700,178900,168800,274800,159000
2000-02-29,211700,170800,137500,211400,178400,110500,163800,119900,189800,253800,128700,141400,269000,137000,149800,227000,285800,168400,170300,99900,131500,193700,139600,207900,132900,171000,184600,180900,171200,279200,160800
2000-03-31,214600,172700,139700,214900,180300,111900,165700,122100,192000,257900,130900,143700,273200,139700,152700,229700,290100,170600,173200,101500,133600,196800,141900,211000,134900,173100,186500,182800,173600,283500,162500
2000-04-30,217500,174700,141900,218500,182300,113400,167600,124300,194300,262100,133200,145900,277400,142400,155600,232400,294400,172900,176200,103600,135600,200100,144300,214000,137000,175100,188500,184700,175900,288100,164100
2000-05-31,220400,176600,144000,222200,184200,114800,169400,126500,196500,266200,135500,148100,281400,145100,158500,234900,298500,175000,179000,106000,137500,203300,146700,216900,139000,177200,190500,186500,178200,292700,165700
2000-06-30,223300,178500,146200,225900,186100,116300,171200,128600,198600,270200,137700,150400,285300,147700,161400,237300,302600,177200,181600,109000,139400,206500,149100,219700,140900,179200,192500,188300,180500,297400,167300
2000-07-31,226200,180300,148300,229700,187900,117800,172900,130800,200800,274200,139900,152600,289100,150100,164100,239600,306600,179300,184100,111700,141200,209800,151500,222300,142700,181100,194600,190100,182700,302200,168900
2000-08-31,228900,182100,150400,233300,189700,119300,174500,132900,202800,278000,142100,154700,292600,152400,166700,241800,310200,181300,186300,113600,142800,213000,153800,224700,144500,183000,196600,191900,184900,307100,170400
2000-09-30,231500,183900,152300,236800,191600,120800,175900,135000,204800,281500,144100,156800,295800,154600,169100,243900,313500,183300,188300,115400,144400,215900,155900,226900,146100,184900,198600,193600,186900,311900,171900
2000-10-31,233900,185600,154200,240200,193300,122200,177400,136900,206600,284800,146000,158800,298800,156600,171300,245900,316700,185300,190100,117700,145800,218800,157900,229100,147600,186700,200500,195300,188800,316500,173300
2000-11-30,236200,187200,156000,243500,195100,123600,178900,138800,208400,287900,148000,160700,301400,158700,173400,248000,319700,187200,191900,119700,147200,221500,159800,231200,149100,188400,202400,197100,190600,321000,174700
2000-12-31,238300,188900,157900,246900,197000,124800,180300,140600,210100,290700,149900,162700,303700,160600,175300,250300,322500,189300,193700,121600,148500,224000,161600,233300,150500,190100,204300,199000,192200,325500,176000
2001-01-31,240200,190400,159600,250100,198700,125900,181700,142300,211700,293100,151700,164500,305700,162500,177000,252500,325000,191400,195500,123100,149900,226500,163200,235300,151800,191800,206100,200900,193800,329800,177400
2001-02-28,241700,191900,161300,253100,200200,126900,183000,143900,213100,295100,153400,166200,307400,164300,178500,254600,327200,193300,197200,124400,151100,228700,164600,237200,153100,193300,207800,202800,195200,333700,178600
2001-03-31,242800,193200,162900,256000,201600,127700,184300,145300,214300,296700,155000,167700,308800,166100,179800,256500,329100,195200,198900,126300,152300,230700,165900,239000,154200,194700,209400,204700,196400,337400,179700
2001-04-30,243700,194500,164300,258600,202900,128500,185500,146500,215500,298100,156500,169000,309900,167900,180900,258200,330800,197000,200700,128500,153500,232500,167100,240800,155400,195900,210800,206700,197500,340800,180600
2001-05-31,244300,195700,165600,261100,204100,129000,186600,147500,216600,299300,157900,170200,310800,169600,181700,259800,332100,198800,202400,130300,154600,234000,168100,242300,156400,197000,212000,208500,198500,343900,181500
2001-06-30,244700,196800,166900,263700,205200,129500,187600,148400,217600,300400,159200,171100,311500,171400,182400,261200,333100,200500,204200,131600,155600,235200,169000,243700,157400,197900,213200,210300,199300,346600,182300
2001-07-31,245100,197900,168000,266400,206200,129900,188600,149200,218400,301400,160400,171900,312200,173300,183000,262600,334000,202000,205900,132400,156700,236200,169900,245000,158300,198800,214200,212000,200000,349200,183200
2001-08-31,245400,198900,169100,269200,207200,130100,189700,149900,219100,302300,161500,172400,312800,175100,183500,263900,334800,203400,207500,133300,157700,237000,170700,246100,159300,199600,215200,213600,200700,351600,184000
2001-09-30,245700,199800,170200,272100,208100,130300,190700,150500,219700,303100,162400,172800,313600,177000,184000,265300,335500,204700,209200,134700,158600,237600,171500,247100,160100,200300,216000,215000,201300,353800,184700
2001-10-31,246000,200700,171100,275100,209000,130400,191800,151000,220100,303800,163400,173200,314300,178900,184600,266700,336300,205900,210900,136300,159500,238100,172200,248000,161000,201100,216700,216400,201800,355900,185400
2001-11-30,246400,201500,172000,278300,210000,130400,192900,151500,220500,304300,164200,173500,315100,180900,185200,268200,337100,207000,212500,137500,160400,238400,172900,248700,161800,201900,217500,217600,202200,357800,186000
2001-12-31,246800,202300,172800,281500,210800,130300,194000,152000,221000,304700,165000,173800,315800,182700,185900,269700,337900,208000,214000,138400,161200,238600,173500,249500,162600,202700,218100,218700,202500,359600,186700
2002-01-31,247000,203000,173600,284500,211600,130200,195100,152500,221500,304800,165700,174100,316400,184400,186800,271200,338700,208900,215300,139200,161900,238800,174100,250100,163400,203400,218800,219600,202700,361400,187300
2002-02-28,247100,203700,174300,287200,212300,129900,196100,152900,222100,304800,166300,174500,316900,186000,187800,272600,339500,209600,216400,139800,162600,238900,174700,250700,164000,204100,219500,220400,202800,363200,187900
2002-03-31,247000,204300,174900,289500,213000,129700,196900,153500,222800,304500,166900,174800,317400,187300,188800,273800,340100,210400,217400,140400,163300,239000,175300,251200,164700,204800,220100,221100,202800,364700,188500
2002-04-30,246700,205000,175400,291300,213500,129500,197600,154000,223600,304200,167300,175200,317800,188300,189900,274800,340700,211100,218300,140400,163900,238900,175800,251600,165200,205400,220700,221500,202600,366200,189000
2002-05-31,246300,205700,175800,292700,214000,129300,198200,154500,224400,303900,167800,175500,318000,189000,190900,275600,341200,211900,219100,140400,164500,238800,176400,251800,165700,205900,221300,221800,202300,367500,189500
2002-06-30,245800,206300,176200,293800,214500,129100,198600,155000,225200,303700,168300,175900,318300,189500,192000,276200,341700,212600,219600,140700,165200,238700,177000,252100,166100,206400,221800,222000,202000,368700,189900
2002-07-31,245200,207100,176700,294500,214900,128800,198900,155600,225900,303600,168800,176300,318600,189900,193100,276700,342100,213400,220100,141100,165800,238600,177600,252400,166500,206900,222300,222100,201800,369900,190500
2002-08-31,244700,207900,177000,295000,215400,128500,199100,156100,226500,303700,169400,176500,318900,190200,194100,277100,342500,214100,220400,141300,166500,238600,178200,252700,167000,207400,222800,222200,201700,371100,191000
2002-09-30,244400,208800,177400,295300,215900,128200,199300,156700,227100,304000,170000,176800,319500,190400,195100,277300,343000,214900,220800,141900,167100,238600,178800,253100,167500,208000,223400,222300,201600,372400,191600
2002-10-31,244100,209700,177900,295500,216500,127900,199300,157300,227600,304300,170700,177000,320300,190500,196100,277500,343500,215800,221200,143100,167700,238800,179500,253400,168000,208600,223900,222400,201600,373700,192200
2002-11-30,243800,210800,178300,295400,217100,127400,199300,157900,228000,304500,171400,177300,321400,190700,197100,277400,344200,216700,221500,143700,168200,239200,180100,254000,168400,209200,224500,222500,201500,375000,192800
2002-12-31,243500,211900,178800,295000,217600,126800,199100,158500,228300,304600,172100,177500,322500,190800,197900,277100,345100,217600,221700,143500,168700,239800,180700,254300,168800,209700,225000,222500,201500,376100,193200
2003-01-31,243700,212600,179300,294500,218600,126400,198800,159000,228600,305100,172600,177500,323300,190900,198400,277000,346100,218700,222000,143500,169100,240400,181100,254200,169200,210200,225400,222500,201600,376500,193600
2003-02-28,244300,212800,179600,294400,219900,126000,198400,159300,228900,306100,173000,177200,323800,190800,198400,277200,346800,219700,222200,144000,169300,240800,181400,253500,169700,210500,225900,222300,201700,376500,194100
2003-03-31,245000,212800,179700,294600,221100,125600,197800,159700,229000,307200,173200,176800,323900,190500,198200,277300,347200,220300,222200,144200,169400,240900,181500,252800,170100,210800,226300,222100,202100,376400,194700
2003-04-30,245800,212700,179800,294800,222100,125300,197300,160000,229000,308100,173400,176200,323700,190300,197900,277500,347100,220500,221900,143800,169500,240900,181500,251900,170300,210800,226700,221800,202600,376300,195100
2003-05-31,246600,212400,180000,295100,223000,125100,197000,160100,228800,308600,173500,175700,323400,190200,197700,277800,346600,220300,221500,143700,169400,240800,181300,251300,170600,210800,227100,221600,203400,376400,195500
2003-06-30,247600,212100,180200,295600,223900,125100,196900,160100,228700,308800,173700,175600,323300,190500,197700,278400,345800,220100,221100,144100,169400,240500,181200,250900,170800,210800,227600,221500,204100,376500,195800
2003-07-31,248700,211900,180500,296300,224600,125200,197200,159800,228800,308700,174100,175800,323200,191200,198100,279400,345200,219900,221000,144700,169400,240100,181000,251000,171000,210900,228100,221600,204500,376500,196000
2003-08-31,249900,212000,181000,297200,225300,125200,197700,159600,229100,308600,174500,176300,323100,192200,198700,280700,344900,219800,221000,145800,169600,239700,180800,251400,171300,211100,228600,221800,204800,376600,196100
2003-09-30,251100,212100,181500,298300,225900,125100,198400,159300,229800,308800,174900,177100,323200,193300,199600,282400,345200,219900,221300,146100,169800,239600,180900,252000,171700,211500,229200,222200,205100,376900,196100
2003-10-31,252300,212400,182100,299600,226500,125000,199000,159300,230800,309800,175400,177800,323500,194300,200600,284300,345800,220100,221700,145300,170200,239900,181100,252700,172200,212100,229800,222700,205400,377700,196100
2003-11-30,253300,212700,182500,301000,227300,125000,199600,159400,231900,311900,175700,178600,323800,194900,201400,286100,346400,220300,222300,145300,170500,240400,181300,253200,172600,212700,230100,223200,205700,378700,195900
2003-12-31,254100,213100,182700,302000,227900,125000,200000,159700,232900,314800,176000,179200,323900,195500,202100,287500,347100,220300,223000,146200,170800,241200,181800,253600,172900,213200,230400,223700,206000,380000,195700
2004-01-31,254700,213500,182800,302600,228400,125000,200400,160000,233700,317800,176300,179900,324100,196000,202900,288700,347900,220200,223800,146900,171100,241900,182200,254100,173200,213500,230500,224200,206400,381700,195500
2004-02-29,255300,214000,182800,303200,228400,124900,200900,160400,234200,320500,176600,180800,324700,196900,204100,289500,349100,220300,224700,147100,171400,242800,182700,254700,173500,213800,230600,224600,206900,383900,195500
2004-03-31,255900,214600,182900,304100,228200,124900,201500,160700,234500,322700,176900,182000,325700,198100,205500,290400,350700,220500,225800,147000,171600,243700,183100,255500,173900,214100,230700,225100,207400,386400,195800
2004-04-30,256600,215400,182900,305100,227800,124700,202100,160800,234800,324100,177200,183400,327000,199100,206900,291200,352800,220900,226900,146700,171900,244700,183600,256300,174300,214600,230700,225800,207900,389100,196300
2004-05-31,257400,216300,183000,306200,227500,124400,202400,160900,234800,325000,177300,184800,328500,199800,207900,291900,355300,221500,228000,146300,172100,245800,184000,257100,174700,215400,230700,226600,208300,391800,196800
2004-06-30,258300,217200,182900,307200,227300,124000,202400,161000,234900,325300,177400,185600,330200,199800,208500,292600,358000,222100,229100,145600,172200,247100,184500,257600,175000,216300,230800,227600,208600,394700,197300
2004-07-31,259100,217800,182700,308100,227200,123700,202200,161100,234900,325500,177200,185900,332000,199300,208700,293100,360900,222900,230200,144300,172200,248500,184900,257900,175200,217300,231200,228500,208900,397600,197700
2004-08-31,259700,218200,182400,309200,227300,123500,201900,161200,234800,325500,177000,185800,333700,198500,208700,293500,363800,223700,231500,143100,172200,249900,185200,258200,175100,218300,231900,229300,209100,400700,198100
2004-09-30,260200,218600,182200,310500,227500,123600,201700,161400,234900,325700,176800,185400,335300,197800,208700,293900,366400,224500,232900,142700,172300,251300,185400,258700,175100,219300,232900,230100,209200,404400,198800
2004-10-31,260900,219100,182300,312300,227900,123700,201800,161700,235100,326000,176900,184900,337000,197500,209100,294600,369000,225500,234500,142700,172600,252800,185500,259600,175200,220300,234200,230800,209600,408600,199600
2004-11-30,261800,219800,182500,314800,228400,124000,202200,161900,235600,326400,177200,184700,338900,197600,209700,295700,371700,226700,236100,142600,173100,254300,185600,260900,175500,221300,235700,231500,210100,413200,200700
2004-12-31,263100,220700,182800,318100,228900,124200,202700,162200,236400,326900,177700,185000,341100,198200,210700,297400,374300,228000,237700,142400,173600,256000,185700,262700,176000,222500,237300,232100,210800,418000,201800
2005-01-31,264300,221600,183100,321900,229500,124400,203300,162300,237300,327800,178300,185500,343500,198900,211800,299400,376800,229400,239100,142200,174100,257800,185700,264800,176700,223800,238700,232800,211500,422600,202800
2005-02-28,265300,222300,183400,326200,230200,124500,203800,162300,238300,329200,178900,185900,345800,199700,212800,301500,379100,230800,240300,142100,174400,259500,185700,266800,177200,225100,239800,233600,212000,426400,203600
2005-03-31,266100,222600,183500,330900,231000,124600,204100,162200,239300,331600,179500,186200,347900,200400,213800,304100,381100,232100,241300,142000,174500,260900,185600,268800,177500,226300,240700,234200,212500,429700,204300
2005-04-30,266600,222500,183500,336100,231900,124600,204400,162100,240300,335100,179900,186100,350100,201400,214900,307100,383400,233500,242300,141600,174600,262200,185300,270600,177500,227500,241400,234600,212800,432500,205000
2005-05-31,267000,222000,183700,341200,232700,124500,204600,162000,241300,339000,180300,185900,352100,202900,216000,310200,385600,235000,243200,141200,174500,263400,185100,272400,177500,228600,241700,234700,212900,435000,205600
2005-06-30,267100,221400,183900,345900,233400,124300,205000,162000,242200,343000,180600,185700,354100,204800,217200,313200,387800,236600,244300,140800,174400,264700,184900,274100,177500,229500,241700,234400,213000,437500,206200
2005-07-31,267100,220700,184100,350100,234000,124000,205400,161800,242900,346800,180800,185900,356200,206800,218200,316000,389900,238200,245400,140800,174300,266200,184600,275700,177400,230300,241600,233900,213200,439900,206900
2005-08-31,266900,220100,183800,354000,234500,123500,205800,161400,243400,350400,180900,186700,358000,208800,218900,318300,391900,239700,246300,140900,174000,267700,184100,277200,177400,231100,241400,233500,213600,441800,207500
2005-09-30,266900,219700,183500,357700,235100,122900,206200,160700,244000,353500,181000,188000,359800,210500,219300,320400,393600,241000,247000,140700,173800,269200,183700,278800,177500,231900,241300,233200,214100,443300,207900
2005-10-31,267100,219400,183000,361300,235500,122300,206600,159900,244400,355900,181000,189700,361400,211900,219600,322400,395200,242300,247600,140400,173600,270300,183200,280500,177600,232600,241400,233100,214500,444300,208300
2005-11-30,267500,218800,182400,364800,236000,121700,206800,159200,244700,357800,180900,191300,362800,213100,219900,324400,396800,243600,248200,140300,173400,271000,182800,282100,177800,233200,241700,233100,214700,444700,208700
2005-12-31,268200,218000,181800,368000,236400,121200,206800,158700,244900,359400,180700,192800,364400,214300,220400,326300,398500,244800,248700,140100,173200,271200,182400,283700,177900,233700,242300,233200,214900,445000,209100
2006-01-31,269200,217300,181200,371000,237000,120800,206800,158300,244900,360700,180500,193800,366100,215300,221000,328100,400400,246100,249400,139900,173000,271200,182200,285300,178000,234200,243000,233300,214800,445400,209400
2006-02-28,270300,216800,180800,373300,237800,120600,206800,158300,244900,361600,180500,194500,367900,216200,221700,329700,402200,247300,250100,140100,172900,271200,182100,287100,177900,234900,243900,233300,214600,446400,209500
2006-03-31,271700,216500,180700,375100,238900,120300,207000,158400,245000,362200,180500,195000,369700,217100,222500,331200,404100,248600,250900,140600,172700,271500,182000,289000,177600,235500,245000,233300,214300,448100,209300
2006-04-30,273300,216400,180700,377000,240400,120000,207300,158400,245200,362600,180600,195200,371400,218000,223500,332600,406200,249900,251800,140100,172300,272100,181800,291000,177300,236300,246400,233300,214000,450600,209000
2006-05-31,275000,216300,180900,379100,241900,119400,207600,158300,245700,362500,180700,195400,373000,218800,224600,333500,408000,251100,252900,138700,172000,272900,181500,293000,176900,237000,247900,233500,213600,453500,208800
2006-06-30,276400,216200,180900,381300,243200,118600,208000,158100,246100,362400,180800,195500,374300,219800,225800,334200,409700,252200,254000,137600,171500,273600,181200,294900,176600,237400,249200,233600,213000,456300,208600
2006-07-31,277800,216100,180600,383900,244400,117700,208000,157700,246400,363000,180800,195600,375800,220800,227200,335200,411500,253100,255200,137200,170900,274000,180700,296500,176300,237500,250200,233700,212300,458600,208500
2006-08-31,278900,215900,180000,386200,245300,117000,207700,156900,246600,364400,180700,195700,377400,221800,228700,336600,413200,253900,256400,136700,170000,274000,180200,297500,175800,237200,250400,233700,211500,459900,208200
2006-09-30,279600,215600,179100,388000,245700,116400,207100,155900,246500,366100,180500,195500,378900,222700,230400,338000,414900,254400,257700,135800,169100,273600,179800,297600,175000,236700,250000,233500,210700,460600,207700
2006-10-31,279900,215200,178300,388900,245600,115900,206300,154700,246200,367500,180300,195000,380100,223500,231900,339100,416400,254700,258700,134900,168100,272900,179300,297000,174200,236100,249200,233100,209800,461000,207100
2006-11-30,279700,214900,177600,389000,245000,115400,205500,153500,245800,368100,179900,194100,380500,224100,232900,339800,417800,254700,259400,134600,167100,272200,178700,295900,173200,235700,248200,232600,208800,461300,206300
2006-12-31,279300,214500,177000,388700,244300,114700,204800,152300,245200,367800,179500,192900,380400,224300,233300,340100,419300,254400,259900,134300,166100,271500,177900,294800,172300,235500,247300,232000,207900,461900,205700
2007-01-31,278900,214200,176500,388300,243600,114000,204300,151300,244900,367000,179200,191800,380200,224500,233000,340300,420700,254000,260400,133600,165100,271000,177000,293900,171700,235700,246800,231300,207000,463000,205100
2007-02-28,278500,213900,176200,388100,243000,113400,203900,150400,244700,365900,179100,191200,380100,224600,232300,340500,421800,253800,261300,132900,164300,270600,175700,293500,171400,236200,246500,230600,206300,464300,204600
2007-03-31,278300,213700,175900,388700,242700,113000,203500,149500,244600,365400,179200,191000,380300,224900,231500,341200,423000,254000,262600,131900,163800,270400,174300,293500,171100,236900,246600,230000,205600,466000,204000
2007-04-30,278700,213600,175500,389900,242900,112700,203000,148500,244700,365400,179400,191400,380800,225200,230700,342600,424400,254400,264000,130700,163500,270400,173000,293700,170900,237800,247100,229700,205300,468200,203400
2007-05-31,279400,213600,175200,391200,243300,112600,202700,147500,244900,365500,179800,192000,381100,225500,229800,343800,425300,254900,265300,129200,163200,270600,172100,293900,170900,238800,247500,229800,205100,470400,202700
2007-06-30,280100,213700,174600,392300,243400,112400,202400,146500,245300,366100,180200,192900,380800,225400,228600,344600,426100,255200,266400,126600,163000,270900,171200,294300,170900,239700,247700,229900,205000,472200,202000
2007-07-31,280800,213900,173400,393700,243500,112200,201900,145000,245500,367200,180300,193700,380300,225100,227200,345200,427400,255200,267100,123800,162500,271400,169900,295000,170700,240300,248100,229900,204700,473500,201400
2007-08-31,281100,214000,171600,395100,243400,111900,200900,143400,245500,368200,180100,194200,379400,224500,225700,345400,429000,254700,267400,122200,161500,271700,168100,296000,170200,240700,248400,229700,204100,474100,200600
2007-09-30,281100,213700,169200,396300,243300,111600,199400,141500,245100,368400,179500,194300,378300,223600,224000,344800,430300,254000,267300,121400,159800,271800,166000,297100,169200,240500,248600,229200,203300,474300,199700
2007-10-31,280800,212800,166500,396900,243200,111400,197300,139500,244300,367800,178500,194100,376900,222400,222100,343500,430600,253100,267000,120200,157600,271400,163700,297900,167600,239700,248600,228600,202200,473900,198700
2007-11-30,280300,211200,163600,396700,243300,111400,194900,137100,243300,366700,177400,193700,375300,220800,220000,341700,429600,252400,266600,118200,155200,270700,161200,298400,165400,238400,248200,227800,201000,472700,198000
2007-12-31,279500,209300,160800,396400,243300,111300,192300,134200,242300,365600,176200,193100,373900,219300,218200,340100,427700,252000,266300,115500,152800,269700,158800,298600,162800,237000,247600,227100,200100,470800,197700
2008-01-31,278900,207700,158200,395900,243100,111200,189900,131000,241400,364800,175100,192600,373100,218200,217000,338700,425400,252000,266400,113000,150600,269000,156700,298500,160200,235700,246900,226700,199500,468600,197600
2008-02-29,277400,206400,155900,395300,242600,111200,187700,127700,240500,364200,174000,192200,372600,217300,216200,337400,423000,252100,266400,111200,148700,268200,154900,298200,157900,234400,246000,226200,199000,465900,197600
2008-03-31,275400,205300,153400,395000,242100,110900,185400,124300,239300,364500,172300,191800,372500,216400,215900,336500,421700,252100,266600,109600,146900,267200,153300,297800,155600,232900,245100,225500,198700,463000,197500
2008-04-30,273500,204500,150400,395200,241700,110500,182900,121200,237800,365600,170300,191300,372700,215600,215800,335900,421500,251600,266600,108900,145100,266100,151700,297500,153300,231700,244200,224700,198500,460000,197300
2008-05-31,271500,203700,147100,395500,241000,110100,180600,118700,236100,366800,168100,190700,372900,214900,215500,335300,421100,250800,266400,109000,143200,264800,150200,297000,151400,230900,243100,223700,198500,456700,197200
2008-06-30,269600,203000,143600,395400,240100,109600,178400,116600,234400,368500,166200,190300,373300,214300,214900,335000,420700,250100,266200,109900,141400,263500,148900,296500,149800,230400,241900,222500,198700,453100,197100
2008-07-31,268300,202400,140300,394600,239200,109300,176100,114700,233200,369900,164800,189700,373800,213900,214200,335400,420800,250100,266200,110500,139700,262600,147700,295900,148300,230000,241100,221400,198800,450100,196800
2008-08-31,267000,201700,137500,393200,238400,108900,173900,112900,232400,369900,164000,188800,373900,213700,213600,335800,420700,250700,266200,110000,138100,261900,146700,295000,146900,229700,240300,220500,198700,448400,196200
2008-09-30,266100,201100,135100,391800,237700,108400,171900,111300,232100,369400,163500,188000,374000,213600,213000,336500,420700,251600,266400,108800,136700,261500,146000,294200,145500,229500,239800,220100,198800,447800,195300
2008-10-31,265500,200800,132700,390700,237400,108100,170100,109800,231900,369200,163200,187400,374400,213600,212600,337400,420900,252700,266800,108100,135400,261100,145300,293600,144300,229500,239500,219800,199000,447500,194500
2008-11-30,265300,200500,130400,390100,237300,107900,168300,108500,231700,369100,162800,186900,374800,213700,212200,338400,421200,253600,267300,107100,134100,260800,144700,293000,143000,229500,239200,219600,199200,447200,193800
2008-12-31,265500,200200,128100,390300,237400,107500,166700,107400,231500,369200,162500,186400,375200,214000,212000,339500,422100,254700,268000,105600,132900,260700,144200,292600,141900,229800,239100,219500,199500,447100,193400
2009-01-31,266200,199900,126100,390800,237600,107100,165200,106500,231700,369100,162400,186100,375800,214400,211900,340700,423200,255900,268800,104300,131800,261000,143700,292300,141100,230100,239300,219500,199900,447200,193100
2009-02-28,266100,199300,124100,390700,237500,106900,163700,105500,231800,368400,162100,185600,375800,214700,211600,341300,423500,257000,269300,103000,130600,261000,143000,291800,140200,230300,239100,219300,200000,446700,192600
2009-03-31,265200,198100,121900,389800,237000,106500,161700,104300,231500,367400,161300,184600,375300,214400,211000,341700,423500,257700,269500,101800,129200,260400,142000,290900,138800,230000,238600,218700,199900,445700,191600
2009-04-30,263900,196600,119500,388600,236500,105900,159300,102900,230800,365900,160100,183400,374400,213700,210400,342000,423600,258100,269300,100100,127500,259400,140700,289600,137000,229400,238000,217800,199600,444700,190400
2009-05-31,262400,194900,116900,386900,235400,105200,156700,101500,229900,363600,158800,181900,373100,212900,209300,341500,422700,258000,268500,97900,125600,258100,139500,287900,135000,228600,236800,216700,199400,443400,189200
2009-06-30,261000,193400,115000,384800,234600,104500,154600,100400,229200,360900,157600,180700,371700,212000,208100,340300,420800,258300,267800,95900,124100,256900,138800,286300,133500,227900,235800,215500,199100,441900,188100
2009-07-31,260600,191800,114600,383300,235100,103800,153500,99900,229100,358400,156600,180100,370900,211600,207300,339300,418300,259300,267600,94900,123700,256700,139200,285400,132800,227800,235800,214700,198600,440700,187300
2009-08-31,260400,190000,115500,382400,236500,102700,153300,100200,229600,355800,156100,179900,370400,211700,207000,338700,415900,261100,268100,94600,124000,257200,140300,285400,133000,228100,236800,214400,198500,439700,186700
2009-09-30,259900,188100,116800,381600,237700,101200,153600,100900,230200,353100,155900,179700,369700,211900,207000,338600,414000,263000,268900,94900,124700,258000,141600,285500,133600,228600,238000,214400,198700,438600,186200
2009-10-31,258900,186400,118200,380600,238600,99800,154100,101800,230800,350300,156000,179600,369000,212200,207000,338700,412500,264400,269700,95200,125600,258700,142700,285600,134500,228800,238900,214400,199000,436900,185600
2009-11-30,257800,185300,119500,379500,239200,98500,154700,102800,231100,347800,156100,179200,367900,212400,206700,338600,411200,264900,270000,94500,126700,259200,143800,285400,135400,228900,239000,214100,199100,434800,185300
2009-12-31,256800,185000,120600,378500,238900,97300,155500,103900,231700,346300,156400,179000,367200,212700,206400,338600,409500,265100,270200,94900,127600,259800,144900,285300,136300,229200,238900,213800,198900,433500,185400
2010-01-31,254400,185300,121300,378500,238700,96700,156400,105000,232600,345600,156900,179100,367300,212800,206400,338800,408700,265600,270600,96600,128900,260000,145800,285500,137300,229300,239100,213900,198800,433400,185700
2010-02-28,253700,185500,121700,379900,239400,96800,156700,105200,233100,345800,157000,179100,367600,212900,206700,339300,409900,265900,271000,97200,129500,260000,146000,285700,137800,229200,239300,213900,199400,434000,185800
2010-03-31,253400,185600,122200,377800,238200,96400,157000,105700,232900,342600,158100,179000,365600,212600,204800,337100,407800,265200,270300,97000,129900,259400,146700,285500,138900,228700,237900,213400,198200,430900,185600
2010-04-30,252200,186100,123700,371700,235200,95700,157800,106900,232500,336700,160100,179500,362100,211700,202000,333100,402500,264300,269700,98200,130800,258700,147900,285500,140800,228000,235600,212800,196500,424600,184800
2010-05-31,251000,186400,125400,366300,233600,95500,158200,108300,231700,332100,161700,180000,360000,210600,201000,330900,398900,263700,269900,100900,132000,257900,148700,285700,142000,227300,235000,212300,197000,418500,184000
2010-06-30,251900,186200,125900,363800,232900,96400,157800,109200,230800,329400,162000,179700,359000,209800,201900,330400,397500,263100,270000,103600,132600,257000,148400,285100,141800,226900,234900,211800,198100,414700,183400
2010-07-31,251800,186200,125100,361800,230900,97600,157200,109700,229800,326000,162000,178700,357200,208700,202500,327600,395500,261900,269300,105200,133000,254600,148300,283300,141400,225400,233300,211000,197800,412000,183200
2010-08-31,253400,187000,123900,360100,229100,97800,156900,109900,228600,323200,162100,178100,356900,207600,203700,324800,395100,261300,268700,105100,133300,252100,147900,282100,141100,223800,231900,210800,197100,411100,184000
2010-09-30,255000,187700,122900,359100,227600,97200,156700,110300,227000,320300,162500,177100,356800,206400,204800,322800,395000,260200,267600,104000,133100,249900,147200,281300,141000,223200,231000,210600,196300,410100,185200
2010-10-31,255100,188000,122400,358800,225900,95900,156700,110600,225600,317900,162500,175500,356100,205500,205400,321300,394900,259100,266400,102000,132800,249000,146700,280500,140900,223600,229800,210000,195700,408800,185400
2010-11-30,254400,188800,122300,358500,224500,95500,157200,110100,224800,316300,162500,174800,356400,205700,206200,320200,395700,259000,265800,101100,132500,249300,146100,280500,140800,224600,229100,209300,196000,408200,185200
2010-12-31,253400,189300,122100,357400,223100,95900,157300,109600,223800,314000,162400,174700,356300,205900,206300,319400,396200,259400,265100,101300,132200,249300,144900,280500,140200,224400,228500,208800,195900,407600,185000
2011-01-31,252600,189300,121500,356400,222100,95900,157400,109700,222200,312200,161600,174500,354600,205900,205600,318700,396000,259000,263700,100800,131300,249100,144300,279900,139100,223600,227700,208100,194800,406600,184000
2011-02-28,252300,189200,121100,355000,221400,94600,157800,110200,220800,310300,160400,174300,352700,205800,204700,317900,395200,257800,262400,100600,130600,249000,145100,278900,138100,222800,227100,207500,192900,405000,183100
2011-03-31,252600,189000,120200,354300,221000,93700,158200,110600,220300,309000,159100,173800,351800,206200,205000,316800,395100,256800,261500,101700,130100,248900,145700,277900,137100,222200,226600,207200,192300,404100,182400
2011-04-30,253500,189300,118600,354700,220800,92500,158200,109900,220100,309100,157600,173000,351100,206400,205000,316100,395700,256200,261300,102700,129200,248700,145400,276400,136200,221400,226000,206600,191200,404100,181900
2011-05-31,253900,190100,117700,356400,221200,91400,158600,108200,220100,310500,156800,173200,351300,206600,204600,315700,397200,256600,262100,102400,128300,249300,144100,275600,136100,220400,225700,206300,186900,405200,181200
2011-06-30,251900,190600,117900,357500,221500,91200,158500,106400,219800,310300,156600,173500,351200,206600,203600,315000,397700,257000,262900,101700,127000,249900,142600,274800,135400,219100,225800,206400,182100,405700,180100
2011-07-31,249300,190500,118300,358000,222000,91300,157800,105200,219300,310000,156500,173400,350700,206300,202700,314900,397600,256400,263300,100300,125200,250700,140700,273900,133800,218900,226500,206600,180800,405300,178800
2011-08-31,246800,190300,118400,358300,222300,92500,156900,104500,219100,311500,156300,173300,350400,205900,201300,315400,396700,254400,263700,99300,123800,251400,138500,272400,132200,219400,227100,206500,181200,405300,178000
2011-09-30,245100,190500,117900,359100,222900,94900,156000,103700,219100,314900,155300,173700,350800,206200,199900,315900,396000,253300,264500,99100,123400,252000,136400,271500,130600,219600,227300,206400,180600,405500,177300
2011-10-31,245300,190900,117300,360800,223800,96500,155400,103300,218800,318500,154100,174500,351900,207300,198700,316700,396000,253800,265700,99300,123400,252500,135400,271800,129600,219300,227600,206400,179800,405900,177000
2011-11-30,246600,191200,116800,363600,225200,96400,155200,103800,218800,321600,154000,175800,353500,208200,198400,318300,396900,254800,267300,100100,123500,253100,135400,272100,129300,219400,228700,206600,179200,406600,176600
2011-12-31,247500,191400,116900,365700,227000,96100,154900,104200,219200,323900,154200,176800,355600,208800,198900,320100,398300,255600,269300,101500,123600,253500,135800,272100,129300,219900,229900,206500,178200,407100,176000
2012-01-31,248300,191800,117200,365900,228200,95600,153900,103900,219700,324500,154700,177400,357400,209300,199900,321900,400100,256600,271400,102200,123700,253600,135900,272700,129700,220600,230300,206000,177600,406800,175500
2012-02-29,249500,192900,118100,366700,229500,95700,153200,103900,220200,325900,155500,178000,359400,209900,201400,324700,402800,258700,273500,102000,124000,254600,136100,274300,130800,222000,231200,206000,178200,407500,175700
2012-03-31,250600,194300,119400,370500,231600,95900,153500,104700,221300,329400,156600,179500,362800,211400,203200,328500,405700,261800,275800,101800,124700,256300,136700,275500,132000,224200,233800,206900,179600,410400,176600
2012-04-30,251900,194900,121000,375300,233400,97100,154400,105800,223100,333300,157400,180600,366800,213400,205500,331700,408300,265000,277600,102800,125600,258200,138200,276000,133300,225900,236000,208000,181200,413500,178200
2012-05-31,254300,195200,122300,378400,234000,98000,155400,107100,225500,336500,158600,180900,369700,216000,207800,334200,411600,268100,278800,103800,126900,260400,140200,277000,135100,227400,237200,209200,183500,416200,180400
2012-06-30,256700,196400,123300,380600,234400,97400,157300,108400,228000,338600,160000,180900,372000,218900,209600,336700,415200,270800,279900,104300,128600,262800,142000,279300,137400,228600,238000,211000,186100,419300,182600
2012-07-31,258300,197900,124500,383400,235100,95600,159500,109500,230200,339400,160800,181300,374200,221900,211300,339700,418400,272900,281800,105700,129900,264100,143300,282300,139500,229500,238300,213100,187500,422400,184500
2012-08-31,259900,199000,126100,386700,235600,94800,161600,110500,232100,338900,161300,181800,376000,224700,213400,342400,421200,275300,284400,106900,130700,265100,145200,285500,141100,230400,238400,214500,188200,423200,185700
2012-09-30,262500,200500,128100,390600,236600,95400,163900,111700,234400,339000,162500,182800,378200,227800,216300,345000,424600,278000,287800,106700,131400,266600,147400,288600,142800,231900,239300,215400,190000,423900,187500
2012-10-31,265200,201800,130100,393700,237600,97100,165800,112900,237600,339900,164000,184100,380400,230500,219500,347100,427900,279800,291200,107100,132200,268600,148900,291200,144100,233600,241000,216700,192400,426100,190300
2012-11-30,267200,203100,131500,395800,238300,98700,167100,113700,240400,341900,165000,185000,382400,232800,222500,348700,431300,281300,294800,108800,133100,270400,149900,294000,145100,235600,242700,218900,194600,428100,192900
2012-12-31,269300,204500,132700,398400,239300,100500,168700,114400,241900,345200,165800,185800,384300,235200,225500,349300,434600,282600,297900,109600,134000,272000,151000,297100,146700,237900,244100,220900,197800,428700,193600
2013-01-31,271300,205600,134300,400900,240400,101900,170500,115300,242800,349300,166200,186700,386100,237700,228000,349200,436800,283400,300100,94800,135000,273400,152200,299400,148000,240100,245100,222200,200700,428800,194100
2013-02-28,272600,206500,135900,403000,241200,102800,172300,116800,244100,352600,167400,187500,388300,240300,230300,349500,438400,284500,302200,96000,136300,275600,153300,301400,148800,241800,246700,223700,202300,430500,195800
2013-03-31,273700,208200,137700,405900,243300,104300,174800,118200,246100,356100,169400,188600,391700,243700,233500,351800,442900,287200,305700,97800,137800,279900,153900,304700,150100,243900,249300,226100,204400,435000,198200
2013-04-30,274800,210600,139700,409600,246600,105900,177900,119800,248400,359700,172000,190300,395600,247300,237600,355700,448600,290500,310100,100200,139100,284900,154400,308900,151400,246800,252800,228700,207600,441300,199900
2013-05-31,276100,212600,142000,413800,250000,107100,180900,122200,250500,362800,174900,192500,398900,250800,241900,359700,452800,293200,314700,103000,140500,288300,155800,312600,152600,250200,256100,231100,210100,447600,200900
2013-06-30,278900,214100,144500,419300,253300,108300,184100,124900,252600,366700,178300,195300,403200,254400,246500,364300,458000,296700,319700,105800,142500,291000,157500,316700,154400,254000,259700,233500,211600,453600,202000
2013-07-31,283000,215900,147200,425300,256600,110100,187500,127400,254700,372400,181000,198500,408300,258200,250800,369300,464300,301500,324300,108100,144700,294200,159500,321100,156600,257800,263900,235700,213000,460000,203700
2013-08-31,285500,217300,149400,429000,259400,111100,190200,129700,256500,376700,183300,201200,411600,260900,253900,373600,468900,305500,327300,110100,146400,297500,161600,324300,158600,260600,267400,237600,214100,464900,205100
2013-09-30,286300,217800,151200,430600,261500,111500,192000,131200,257700,378800,185000,203600,413200,262600,255700,376300,471300,308000,329000,111000,147400,300400,163600,326200,160400,262600,269300,238900,214800,468100,206700
2013-10-31,287200,218400,152900,431900,263500,112000,193300,132200,258400,380100,186000,205600,414400,264100,257400,378800,472800,310100,330600,111400,148200,302600,165500,327800,162200,264400,270700,240200,215500,471200,208000
2013-11-30,289100,219300,154700,433700,265100,112500,194600,133700,259400,381800,187100,207400,415700,265700,259100,381400,474100,312700,332400,112900,149000,304200,167700,329500,163700,265400,271700,241900,216000,474500,209500
2013-12-31,291100,220200,156300,435500,266600,113000,196100,134900,260900,383500,188500,208800,417300,267200,260800,383900,476000,315400,334500,115800,149900,305900,169400,331600,165000,266200,272900,243700,216600,477700,211200
2014-01-31,293100,220700,157300,437000,268400,113400,197700,136000,262300,384300,189700,209600,419100,268400,262500,385500,477700,317400,336500,118800,150700,307300,170500,333000,166000,267300,274400,245400,217200,479800,213100
2014-02-28,295200,221000,157900,437900,270100,114100,199400,137100,263400,384500,190900,210500,420000,269300,264400,387100,478600,318900,338200,121000,151400,307700,171600,334100,167000,268400,275400,246500,217900,480100,214900
2014-03-31,298400,221800,158700,438600,271400,114900,201100,138500,264400,385200,192200,212300,421000,270000,266300,389100,479600,320500,340100,122800,152600,307200,173100,336200,168000,269700,276200,247500,218400,479100,216900
2014-04-30,302100,223900,160200,440800,274200,116500,203300,139900,266000,388800,194100,214600,423800,271700,268500,392800,482400,322800,342700,125100,154700,307700,174900,339600,169500,272100,278600,250100,218900,479200,219900
2014-05-31,305500,226500,162000,443700,278000,118600,205600,141600,268600,393600,195900,216500,427200,274200,270800,397200,486200,325900,345800,128100,156900,310000,177100,342800,170900,274900,282200,253500,220900,479800,223100
2014-06-30,308900,229300,164000,446200,281400,120700,207600,143500,271400,398700,198100,218300,430200,276900,273200,401500,490800,328900,349200,130400,159100,313900,180400,345400,172800,277800,285500,256300,224300,479900,226200
2014-07-31,312800,232500,166300,448100,283800,122900,209700,146000,273800,403400,201100,220500,433900,279900,276100,405600,495900,332200,353600,132900,161800,318400,183900,348300,175700,281300,288500,258400,227100,479500,228300
2014-08-31,315500,236200,169300,451900,286900,124700,212200,148700,276500,408100,204700,223200,438700,284500,279700,409400,500500,336500,358000,135600,164900,323100,187000,351500,179200,285600,291600,260600,228900,480000,229700
2014-09-30,317300,240300,172400,456200,289900,126000,214900,151400,279200,411900,208200,225700,443500,289400,283400,413200,504500,340900,361800,138400,168100,327300,189900,354200,181800,289300,294800,262800,230900,482300,230600
2014-10-31,319500,244500,175500,460000,293200,127400,217700,153700,282600,415600,212300,228200,448300,294100,287000,417000,509800,345800,365100,140900,171400,331300,192800,357200,184000,292300,297900,264900,233100,484800,232700
2014-11-30,322100,248600,179200,463300,297400,129800,221100,156000,286400,419000,216800,231000,453600,299600,291300,420900,515900,351500,368800,144100,174900,335900,195000,361400,186900,295800,301800,267100,235700,489300,235600
2014-12-31,324400,252400,183600,467200,302300,132400,224500,159400,290600,422300,221300,233800,458800,305400,296300,425100,521600,357200,372700,148100,178700,340900,197400,365500,190400,300000,306000,270100,238500,494600,239700
2015-01-31,327100,255900,187500,470500,306400,134500,227600,163000,294700,426000,225500,236400,464100,310400,301200,429600,527200,362600,377000,152300,182500,345100,200100,368300,193800,303500,309700,273400,241300,499300,243200
2015-02-28,330100,259400,191000,473200,310000,136400,230400,166000,298700,430900,229200,238600,470100,315000,305200,434200,533800,367300,381400,155900,186300,349000,202800,371100,197200,306700,313100,276300,244000,502500,245300
2015-03-31,333500,263100,195100,476700,314400,139000,232900,168600,302300,435900,232800,240500,476700,320000,309800,438900,540900,372100,386100,159400,190300,353600,205700,374500,200600,310100,316700,279300,246600,507300,247400
2015-04-30,337900,267200,199600,481200,318800,142400,235500,171900,305700,438700,235900,242500,483400,325600,315300,443200,548600,377400,390800,162400,194400,358400,209200,378600,204500,313600,320900,283000,249000,512900,250800
2015-05-31,342100,271400,203700,485400,321900,145600,238300,175600,308900,440100,238800,245000,491100,331400,320600,447400,555700,382600,396100,164300,198400,363000,213400,383900,208300,316900,325000,287100,251900,518200,255600
2015-06-30,345500,275700,207500,488800,324500,147800,241500,179500,312400,442500,242600,247900,499000,336900,325900,452800,562500,388300,401900,166400,202600,367500,218000,390900,212200,320500,328900,290700,255600,522900,260600
2015-07-31,349000,280700,210900,492500,328000,151500,245300,182800,316100,444900,247600,250900,505500,342600,332300,459000,568900,394700,408000,168900,206900,372100,222400,398000,216000,324100,332700,293900,259800,528700,265400
2015-08-31,353300,286000,214400,496700,331600,156000,249300,185700,319900,447600,252400,253800,511300,348100,338900,464500,575700,400200,414300,171200,211600,376200,226400,403900,219800,327800,335900,297300,264300,535200,270000
2015-09-30,357700,291000,218100,500200,334800,159000,252900,188900,323500,451700,256700,255800,517500,353000,344500,469400,583600,404200,420100,172900,216200,379200,230500,408100,223500,331500,338600,301500,267800,539500,274600
2015-10-31,360700,295600,221500,501700,337500,161500,256100,192100,325600,455900,261300,256900,523200,356600,348800,473100,590000,407200,424400,174300,219600,381000,234100,409900,227200,334500,341300,304900,270200,540800,277500
2015-11-30,362700,299700,224500,502400,339800,165500,258900,195200,327300,458500,266000,258300,527300,359000,352400,475900,593300,409600,427400,177000,222400,382500,237500,410400,231000,336800,344200,307000,270800,540600,279600
2015-12-31,364000,302600,227400,504400,341700,169800,261400,198600,329600,460300,270000,261000,530800,361100,355700,479200,595500,413000,430200,180700,225200,383800,241800,412100,234200,338500,347600,308900,270000,541200,281700
2016-01-31,364300,305000,229900,507400,342600,173500,263800,202000,332000,460800,274000,264200,534200,363600,358700,483100,597700,417200,433100,183800,227600,385300,245700,415200,237200,339800,350600,311400,269900,543000,283600
2016-02-29,364400,307600,232200,510800,343900,176600,266000,205000,334100,459700,277800,268000,536700,365600,361800,486300,598900,420500,435800,186200,229900,387100,248300,418000,239900,341300,353000,313300,271200,545500,284900
2016-03-31,364700,310100,234300,514400,346900,178800,267800,207700,336800,458600,281000,271800,538700,367900,365300,489900,601300,422800,438700,189700,232300,388800,251000,420300,242500,343500,355900,315000,273200,548100,286100
2016-04-30,364300,312100,236600,518400,351800,181300,269800,210800,339700,459200,284500,275900,541200,371900,369800,495500,606300,425100,442100,193500,234800,390800,254300,423400,246000,347000,360000,316900,276800,550600,287700
2016-05-31,365700,314400,239400,522900,357400,183900,272500,214000,342200,461600,288600,280200,545700,377300,375000,502100,611500,427800,446100,197900,237900,393400,257200,427300,250400,351900,364900,319500,280800,553400,289500
2016-06-30,369000,317500,242700,526700,365100,186200,275500,216900,345200,464400,292600,284900,551600,382700,380000,507100,615200,430700,449700,203400,241400,396400,259500,430600,254800,357800,370900,322700,282500,556400,292200
2016-07-31,372400,320400,245400,529100,374600,187200,278000,219700,348700,466600,297000,288800,557900,387300,383600,510600,618800,433400,452300,209500,244400,399400,261400,433000,258800,363200,377000,326800,282900,558900,295700
2016-08-31,376000,322500,247400,530500,382500,187800,279800,223000,352100,467900,301200,292100,562400,390800,385600,514400,623600,436200,453900,214600,246500,401700,263400,435200,262500,366800,382000,330100,284100,560500,299200
2016-09-30,380300,324700,249400,532500,388800,188900,282400,226600,354900,469400,304600,295400,566100,393800,388200,517600,628300,440800,456100,219000,248600,403100,265800,438300,266000,369800,387700,332800,285500,563100,301500
2016-10-31,383700,327000,251800,535500,396600,190200,285200,229700,357200,471100,308200,298800,570200,396500,392500,519500,632100,445700,458700,222700,251300,404500,268400,443300,269900,373400,394200,335700,286800,567200,303500
2016-11-30,387000,329500,254600,538700,404800,190900,287700,232800,359700,472700,311400,301400,576600,400000,397300,523300,636500,449300,461100,226000,254800,406600,271500,448900,273800,377600,400300,339100,288300,570900,306300
2016-12-31,392300,332200,257400,541500,411600,191300,290200,236100,362600,474100,314200,303200,583800,404700,401400,529100,642800,451900,464100,229500,258300,409000,275200,454000,277900,382400,406200,342200,290700,574200,309600
2017-01-31,398900,335700,260400,545300,417800,192800,293400,238800,366000,476300,317400,305000,591000,409900,405100,535000,649700,454900,468900,232600,261900,411900,278400,459400,282600,388600,412400,345700,293300,579000,313800
2017-02-28,404800,339100,263500,550100,422900,195600,296600,241300,369500,479600,321600,306800,599400,414700,408600,540600,656400,458200,474700,235600,265500,414400,281100,465700,287400,394300,417400,349400,296100,585800,318300
2017-03-31,410600,341000,266600,554100,427000,198000,298900,244400,372400,482800,326400,308400,608700,418500,411700,546200,661400,461600,480300,238700,268800,416400,283500,471600,291300,398800,422100,352400,298500,592100,321800
2017-04-30,417100,341900,269200,556200,430000,199900,300200,247100,374400,484200,331000,309700,617300,420900,414700,550100,664500,464000,484800,241400,271500,417700,285800,476400,293800,402800,425700,354400,300200,595100,323500
2017-05-31,421900,343300,271500,557300,433000,202100,301800,249100,375800,483500,334600,310700,623700,421900,417500,552400,666700,466600,488200,243200,273800,419000,287800,480000,296100,406800,428600,355900,301700,596600,325200
2017-06-30,423100,344500,273400,557600,434700,204400,303300,250800,377000,481600,336500,311400,627500,422000,418800,553700,668200,469400,490200,244400,275500,418600,289400,481200,298400,409200,430700,356900,304600,598600,327400
2017-07-31,423800,345000,274800,557600,435800,205400,304500,251800,378400,481600,337400,311900,629900,422600,419100,555300,669100,471800,491900,245100,277100,417900,291200,481200,300000,411100,432400,357800,308900,599600,329900
2017-08-31,425000,346000,275800,557000,437000,206200,305700,253000,379600,483800,339100,312400,631900,424100,420500,558800,669500,473500,494400,245800,279900,419100,293900,482400,301800,413400,434200,359700,313000,601200,332300
2017-09-30,425700,347300,276500,556000,436700,207600,306700,254100,380900,484800,341500,312900,631900,425100,422100,563600,669100,473700,496000,245900,283100,421100,296100,484100,303900,415300,435500,362700,315500,603600,334400
2017-10-31,425900,348700,277100,555800,435200,210300,308000,255600,382700,484500,343800,313300,632100,426700,422800,568000,669000,473200,498100,245700,286300,422600,297200,484900,306000,416100,436400,365400,318000,605700,336400
2017-11-30,426900,350900,278300,557400,436300,213400,310300,258200,385000,485200,346700,314000,634000,429300,423400,571700,670100,473700,502100,246700,289800,424200,298800,486800,308400,417500,438100,368000,322100,606300,338900
2017-12-31,430000,354700,280200,561000,439600,215500,313700,261200,387300,487500,350800,315900,638100,432900,426500,576100,673500,475900,507000,249100,294200,427600,301400,490200,311700,420300,441000,371100,327200,608400,342700
2018-01-31,435100,360500,283600,567400,444400,218300,318200,264600,390700,491600,356700,319300,644200,438700,432400,582700,681600,481500,512900,253300,299800,433100,305100,496900,316000,424600,445500,375300,332200,612900,347100
2018-02-28,439000,366600,288200,574800,449800,222600,322900,268900,394600,497300,362700,323300,650500,445500,439000,589100,691800,489400,519500,258500,305300,438500,309500,505400,320700,428900,451100,380600,336500,617800,350700
2018-03-31,440500,371000,291800,579200,452200,226200,326300,272800,397600,502400,367000,325600,654600,450100,443300,593900,699300,495700,524700,262800,309000,441200,312900,512100,324300,431500,455300,385100,338600,619500,352900
2018-04-30,440800,374100,293900,581500,452600,227700,328700,275400,399600,505700,370000,326500,655500,453200,445400,597200,703600,499300,528000,265500,311700,441900,314500,515900,326600,433400,458000,387200,338500,621800,354300
2018-05-31,441000,375900,295000,582800,453600,228500,330100,278000,401400,505700,371500,326100,653600,455300,445800,598200,706000,502400,529000,267700,313600,441600,315900,517800,327500,435000,459300,387400,338200,624300,354400
2018-06-30,441100,376700,295400,583100,453900,228800,330300,280800,402700,504700,371600,325000,651300,456200,445400,596800,706500,505000,528900,269400,313900,442400,318000,518400,327600,435500,458200,386500,337600,625900,353000
2018-07-31,441000,377100,296200,583600,451600,229000,329900,284100,403700,505400,371800,324300,650100,456200,445100,596000,707900,506300,529000,271400,313800,443500,320300,519700,327700,434700,456700,385700,336300,625800,351500
2018-08-31,439800,377600,297700,584800,449100,229200,329700,286700,404500,507200,372800,323800,651600,457100,445800,595400,711900,507700,529800,273500,314700,443400,321400,522500,328700,434300,456200,385000,335200,624500,352100
2018-09-30,440600,378700,300000,587500,449800,229300,331300,288500,406000,509100,375000,324300,657200,460300,448900,597500,717800,512000,533100,275900,316700,444700,322100,527900,331700,436200,457600,385400,335700,623600,353400
2018-10-31,444100,380900,303200,593100,452000,229100,334400,290300,408800,512400,378200,326800,665100,465100,454200,604800,725200,518900,539200,278300,319100,447800,324100,534600,336400,440400,459500,387100,337200,626000,355400
2018-11-30,447900,383700,306100,599000,453600,228900,337500,293000,411500,516300,381100,329800,670600,469600,459400,613900,733400,524500,545100,280500,321400,449900,327200,539200,340700,444400,460700,389400,339200,631200,357500
2018-12-31,450400,387100,308200,603200,454700,229600,340000,295900,413400,520700,384400,332300,674900,472900,463000,621500,741000,528700,550500,282500,323400,452000,329900,541900,343900,447500,462000,391700,341200,636300,359200
2019-01-31,452800,389800,310500,605900,457200,230900,342100,298100,415800,524100,387500,334300,677900,475600,464700,625400,743900,531200,554300,284600,325200,455200,331200,542600,346500,450400,465000,394200,342500,639200,360300
2019-02-28,454600,390400,312700,606500,459200,231200,343200,299100,417900,524100,388600,334900,678000,478200,464900,624900,741000,532000,555500,286100,326100,458100,332300,540200,348300,453200,467000,396000,342700,638800,361200
2019-03-31,454500,389100,314000,605100,458400,229800,343800,298800,418500,521400,386700,333500,673400,479500,464800,620200,735700,530800,553800,286300,325700,460300,333000,535700,348400,453800,464500,395700,342300,636900,362000
2019-04-30,452800,387100,314400,603200,454100,225400,343400,297700,418000,519000,383400,331200,667500,477600,463000,614000,730600,529100,549600,285000,323600,461100,332200,530700,346300,450900,458200,393300,341400,634000,362500
2019-05-31,450500,386000,314900,602000,449600,221300,342300,297000,417300,518800,381500,330000,662800,474300,460300,608700,725600,525900,545200,284100,321900,460200,331300,526400,344300,447000,451600,390900,341000,630700,362700
2019-06-30,448100,386000,315800,601900,447000,221000,341300,296300,416300,519900,381200,329800,659200,472700,458900,605900,722900,521100,542400,284300,322100,458800,330800,522900,344100,444100,446800,390000,340600,627400,362700
2019-07-31,446800,386000,316400,602100,445700,222900,341100,295100,415800,520100,380600,329500,656500,472700,459100,604100,721600,517100,540100,283900,323000,458300,330000,520100,344600,442200,444300,390100,339700,625800,363000
